{"cameraMode":{"drawMode":0,"name":"Shaded","section":"Shading Mode"},"sceneLighting":false,"audioPlay":false,"sceneViewState":{"showFog":true,"showMaterialUpdate":false,"showSkybox":false,"showFlares":true,"showImageEffects":true,"showParticleSystems":true,"showVisualEffectGraphs":true,"m_FxEnabled":true},"in2DMode":false,"pivot":{"x":16.8994197845459,"y":3.107908248901367,"z":27.481826782226564},"rotation":{"x":-0.00028421508613973856,"y":0.14736568927764893,"z":-0.00018859771080315113,"w":-0.989031970500946},"size":2.7634999752044679,"orthographic":false}