{"cameraMode":{"drawMode":0,"name":"Shaded","section":"Shading Mode"},"sceneLighting":false,"audioPlay":false,"sceneViewState":{"showFog":true,"showMaterialUpdate":false,"showSkybox":false,"showFlares":true,"showImageEffects":true,"showParticleSystems":true,"showVisualEffectGraphs":true,"m_FxEnabled":true},"in2DMode":false,"pivot":{"x":25.54070281982422,"y":7.684139728546143,"z":28.663494110107423},"rotation":{"x":-0.013616744428873062,"y":0.15624451637268067,"z":-0.0022932756692171098,"w":-0.9875733852386475},"size":13.448843002319336,"orthographic":false}